task,treatment,d_ex_ante,needed_N,d_ex_post,ex_post_power
BRET,Baseline,0.01,156978.17054112843,0.018,0.05238169804586401
EG,Baseline,0.46,75.15835448044477,0.605,0.9301895650796258
HL,Baseline,0.17,544.1357677463839,0.185,0.2329721543666664
EG,nosafe,0.17,544.1357677463839,0.576,0.9298542247629468
BRET,safe,0.46,75.15835448044477,0.254,0.39645464771377137
HL,safe,0.46,75.15835448044477,0.427,0.7775222572855761
